feature_name,mean,median,minimum,maximum
mid_price,100.00999999999999,100.00999999999999,100.0,100.02000000000001
quoted_spread,0.026666666666667994,0.03999999999999204,-0.01999999999999602,0.04000000000000625
spread_bps,2.6664267066596006,3.9992001599686313,-1.9996000799836051,3.999999999999204
total_depth,7466.666666666667,8000.0,4000.0,8000.0
top_level_imbalance,0.0,0.0,0.0,0.0
multi_level_imbalance,0.0,0.0,0.0,0.0
microprice_minus_mid,-9.473903143468002e-16,0.0,-1.4210854715202004e-14,1.4210854715202004e-14
